<?xml version="1.0" encoding="UTF-8"?>
<!DOCTYPE hibernate-configuration SYSTEM "classpath://org/hibernate/hibernate-configuration-3.0.dtd">
<hibernate-configuration>
	<session-factory>
		<property name="hibernate.connection.driver_class">com.mysql.jdbc.Driver</property>
		<property name="hibernate.connection.password">root</property>
		<property name="hibernate.connection.url">jdbc:mysql://localhost/research</property>
		<property name="hibernate.connection.username">root</property>
		<property name="hibernate.dialect">org.hibernate.dialect.MySQLDialect</property>

		<property name="hibernate.current_session_context_class">thread</property>
		<property name="hibernate.show_sql">true</property>
		
		<property name="hibernate.cache.region.factory_class">org.hibernate.cache.ehcache.EhCacheRegionFactory</property>
		
		<!-- For singleton factory -->
		<!-- <property name="hibernate.cache.region.factory_class">org.hibernate.cache.ehcache.SingletonEhCacheRegionFactory</property>
		 -->
		 
		 <!-- enable second level cache and query cache -->
		 <property name="hibernate.cache.use_second_level_cache">true</property>
		 <property name="hibernate.cache.use_query_cache">true</property>
 		 <property name="net.sf.ehcache.configurationResourceName">/ehcache.xml</property>

		<mapping class="com.star.sud.secondlevelcache.model.Employee" />
		<mapping class="com.star.sud.secondlevelcache.model.Address" />
	</session-factory>
</hibernate-configuration>
